{
    "custom_ml": {
        "Negative": {
            "precision": 0.6666666666666666,
            "recall": 0.6,
            "f1-score": 0.631578947368421,
            "support": 10.0
        },
        "Neutral": {
            "precision": 0.4,
            "recall": 0.3333333333333333,
            "f1-score": 0.36363636363636365,
            "support": 6.0
        },
        "Positive": {
            "precision": 0.36363636363636365,
            "recall": 0.4444444444444444,
            "f1-score": 0.4,
            "support": 9.0
        },
        "accuracy": 0.48,
        "macro avg": {
            "precision": 0.47676767676767673,
            "recall": 0.45925925925925926,
            "f1-score": 0.46507177033492825,
            "support": 25.0
        },
        "weighted avg": {
            "precision": 0.4935757575757576,
            "recall": 0.48,
            "f1-score": 0.48390430622009567,
            "support": 25.0
        }
    }
}
